<?xml version="1.0" encoding="utf-8"?>
<extension type="plugin" group="cck_field" version="2.5" method="upgrade">
	<name>plg_cck_field_dx_usergroups_ext</name>
	<author>Octopoos and Doxadigital</author>
	<authorEmail>info@doxadigital.com</authorEmail>
	<authorUrl>http://www.doxadigital.com</authorUrl>
	<copyright>Copyright (C) 2009 - 2016 SEBLOD/Doxadigital. All Rights Reserved.</copyright>
	<license>GNU General Public License version 2 or later.</license>
	<creationDate>February 2017</creationDate>
	<description>Fork of default JForm_usergroups to support user group filtering</description>
	<version>1.0</version>
	
	<scriptfile>install/script.php</scriptfile>
	
	<files>
		<folder>assets</folder>
		<folder>classes</folder>
		<folder>install</folder>
		<folder>tmpl</folder>
		
		<filename plugin="dx_usergroups_ext">dx_usergroups_ext.php</filename>
		<filename>index.html</filename>
	</files>
	
	<languages folder="language">
		<language tag="en-GB">en-GB/en-GB.plg_cck_field_dx_usergroups_ext.ini</language>
		<language tag="en-GB">en-GB/en-GB.plg_cck_field_dx_usergroups_ext.sys.ini</language>
	</languages>
	
	<config>
		<fields name="params" addfieldpath="/libraries/cck/construction/field">
			<fieldset name="basic">
				<field name="" type="spacer" hr="false" />
			</fieldset>
			
			<fieldset name="advanced">
				<field name="group" type="text" default="PLG_CCK_FIELD_GROUP_JFORM" label="LIB_CCK_GROUP_LABEL" size="60" description="LIB_CCK_FIELD_GROUP_DESC" />
				<field name="export" type="cckexport" default="" label="LIB_CCK_EXPORT_LABEL" description="LIB_CCK_FIELD_EXPORT_DESC" />
			</fieldset>
		</fields>
	</config>
</extension>